{
  "count": 266240,
  "mean": 44.48879206730769,
  "std": 57397.43530550658,
  "min": -4197463,
  "q1": -3945,
  "median": 9,
  "q3": 3977,
  "max": 4194761,
  "iqr": 7922,
  "skewness": 1.9544425785311659,
  "kurtosis_excess": 3952.947236636911
}