{
  "count": 1064960,
  "mean": 25.701317420372597,
  "std": 57288.821922095936,
  "min": -4197463,
  "q1": -3967,
  "median": 5,
  "q3": 3972,
  "max": 4199616,
  "iqr": 7939,
  "skewness": 1.7642540654158156,
  "kurtosis_excess": 3949.3380195945847
}