{
  "count": 399360,
  "mean": 68.06480118189103,
  "std": 57363.525312643425,
  "min": -4197463,
  "q1": -3960,
  "median": 14,
  "q3": 3973.25,
  "max": 4194761,
  "iqr": 7933.25,
  "skewness": 4.938067554540731,
  "kurtosis_excess": 3963.385172070557
}