{
  "n": 512,
  "q": 8399873,
  "base": 2,
  "k": 24,
  "sigma_t": 13.734000000000002,
  "sigma": 4.578,
  "bound": 5391.11772561244,
  "beta": 5392
}