{
  "n": 64,
  "q": 114689,
  "base": 2,
  "k": 17,
  "sigma_t": 13.734000000000002,
  "sigma": 4.578,
  "bound": 2855.7530939788307
}